182,10,0.1,0.06974358034741415,100.0
91,10,0.2,0.06941541946057249,100.0
60,10,0.30000000000000004,0.06965045499838596,100.0
45,10,0.4,0.06925852101912193,100.0
36,10,0.5,0.06876179203453381,100.0
30,10,0.6,0.06856420822492235,100.0
25,10,0.7000000000000001,0.06964330951773298,100.0
22,10,0.8,0.06899102629466056,100.0
20,10,0.9,0.06741191002389427,100.0
18,10,1.0,0.06701346454336578,100.0
16,10,1.1,0.06811965151824212,100.0
15,10,1.2000000000000002,0.0662281032039326,100.0
13,10,1.3000000000000003,0.06941865589067499,100.0
12,10,1.4000000000000001,0.0693170339002187,100.0
12,10,1.5000000000000002,0.06528012709266529,100.0
11,10,1.6,0.06614786066285833,100.0
10,10,1.7000000000000002,0.06729510258998057,100.0
10,10,1.8000000000000003,0.0643637087197386,100.0
9,10,1.9000000000000001,0.06645522789940451,100.0
8,10,2.0,0.06947338895800376,100.0
8,10,2.1,0.06676618699764161,100.0
8,10,2.2,0.06465332612521882,100.0
7,10,2.3000000000000003,0.06884535934625549,100.0
7,10,2.4000000000000004,0.06546948821805285,100.0
7,10,2.5000000000000004,0.06311656685430796,100.0
6,10,2.6,0.06900671217115481,100.0
6,10,2.7,0.06597810923015893,100.0
6,10,2.8000000000000003,0.06472303769338617,100.0
6,10,2.9000000000000004,0.06237102758113578,100.0
5,10,3.0000000000000004,0.06882700393160787,100.0
5,10,3.1,0.06751518151235153,100.0
5,10,3.2,0.06531403438112428,100.0
5,10,3.3000000000000003,0.06561770328293905,100.0
5,10,3.4000000000000004,0.062147885440249635,100.0
5,10,3.5000000000000004,0.05965983021908383,100.0
5,10,3.6,0.058767258017661056,100.0
4,10,3.7,0.06773722062795114,100.0
4,10,3.8000000000000003,0.06676369834060142,100.0
4,10,3.9000000000000004,0.06591334519828768,100.0
4,10,4.0,0.06596760478534076,100.0
4,10,4.1,0.06110885923219683,100.0
4,10,4.2,0.0600845437865062,100.0
4,10,4.3,0.05794587467632323,100.0
3,10,4.3999999999999995,0.06879347157000686,100.0
3,10,4.5,0.06901053719874568,100.0
3,10,4.6,0.06670463457566268,100.0
3,10,4.7,0.06563508306524155,100.0
3,10,4.8,0.0658712430028236,100.0
3,10,4.9,0.06903551093357448,100.0
3,10,5.0,0.06367142976991719,100.0
3,10,5.1,0.06652037349738901,100.0
3,10,5.2,0.06249075846409677,100.0
3,10,5.3,0.05847684306570101,100.0
3,10,5.4,0.05697345468760183,100.0
3,10,5.5,0.05820472445027178,100.0
3,10,5.6,0.05707897010336327,100.0
3,10,5.7,0.05507699540000671,100.0
3,10,5.8,0.055168862033378244,100.0
2,10,5.9,0.06998845634874125,100.0
2,10,6.0,0.06730398717498201,100.0
2,10,6.1,0.06874282455774142,100.0
3,10,6.2,0.05393082833769697,100.0
2,10,6.3,0.06782423752234049,100.0
2,10,6.4,0.06951107541366959,100.0
2,10,6.5,0.0629789035468494,100.0
2,10,6.6,0.06513787395353023,100.0
2,10,6.7,0.06390937482872788,100.0
2,10,6.8,0.06266028607605649,100.0
2,10,6.9,0.06121060848104698,100.0
2,10,7.0,0.058123901270379544,100.0
2,10,7.1,0.05966055658171794,100.0
2,10,7.2,0.055532108775570334,100.0
2,10,7.3,0.06265104487325274,100.0
2,10,7.4,0.05691026360863537,100.0
2,10,7.5,0.057304145307249005,100.0
3,10,7.6,0.04605128197370878,100.0
2,10,7.7,0.05703384121894765,100.0
2,10,7.8,0.05176882575475707,100.0
2,10,7.9,0.0516856995631484,100.0
1,10,8.0,0.06950205482895801,100.0
2,10,8.1,0.05290911942025761,100.0
2,10,8.2,0.05404752634829372,100.0
2,10,8.3,0.05461513215993155,100.0
2,10,8.4,0.051403177666162404,100.0
2,10,8.5,0.05114437755517923,100.0
2,10,8.6,0.0485983552138754,100.0
1,10,8.7,0.06891676393575367,100.0
1,10,8.8,0.06882733717986216,100.0
2,10,8.9,0.048014582620133806,100.0
2,10,9.0,0.044267524613001985,100.0
1,10,9.1,0.06702809121210801,100.0
1,10,9.2,0.06862973024784948,100.0
1,10,9.3,0.06674095122091328,100.0
1,10,9.4,0.06345370465973893,100.0
1,10,9.5,0.06946062771584505,100.0
2,10,9.6,0.04276901338086362,100.0
1,10,9.700000000000001,0.06291458017813673,100.0
2,10,9.8,0.049191120814842705,100.0
2,10,9.9,0.048011728148482626,100.0
1,10,10.0,0.06544378835482204,100.0
365,20,0.1,0.06984322229182545,100.0
182,20,0.2,0.06982430141256545,100.0
121,20,0.30000000000000004,0.06976699156263802,100.0
90,20,0.4,0.06997676320063712,100.0
72,20,0.5,0.06978892661557891,100.0
60,20,0.6,0.06964186896385485,100.0
51,20,0.7000000000000001,0.06994678465276605,100.0
45,20,0.8,0.0691423671513034,100.0
40,20,0.9,0.06901792230690251,100.0
36,20,1.0,0.06882892722253137,100.0
32,20,1.1,0.06989729139521761,100.0
30,20,1.2000000000000002,0.06836166007422659,100.0
27,20,1.3000000000000003,0.06962385630562781,100.0
25,20,1.4000000000000001,0.06947246150504754,100.0
24,20,1.5000000000000002,0.06772278414418628,100.0
22,20,1.6,0.06891863459329362,100.0
21,20,1.7000000000000002,0.06773601984420513,100.0
20,20,1.8000000000000003,0.06711754328935518,100.0
18,20,1.9000000000000001,0.06999843348132298,100.0
18,20,2.0,0.06671351086098926,100.0
17,20,2.1,0.06686207503754266,100.0
16,20,2.2,0.06779864602082078,100.0
15,20,2.3000000000000003,0.06842355772154202,100.0
15,20,2.4000000000000004,0.06603322667481354,100.0
14,20,2.5000000000000004,0.06736117816407906,100.0
13,20,2.6,0.06921514491317234,100.0
13,20,2.7,0.06665870576557142,100.0
12,20,2.8000000000000003,0.06902775430839686,100.0
12,20,2.9000000000000004,0.06699547392106278,100.0
11,20,3.0000000000000004,0.06980054731568634,100.0
11,20,3.1,0.06838791066090363,100.0
11,20,3.2,0.06558602630692123,100.0
10,20,3.3000000000000003,0.06873900938516202,100.0
10,20,3.4000000000000004,0.06758379040174693,100.0
10,20,3.5000000000000004,0.06528409784606547,100.0
10,20,3.6,0.06391025827962409,100.0
9,20,3.7,0.06823109169506678,100.0
9,20,3.8000000000000003,0.06647625918595254,100.0
9,20,3.9000000000000004,0.0650376693746527,100.0
9,20,4.0,0.06332247458783463,100.0
8,20,4.1,0.0675758148006032,100.0
8,20,4.2,0.06637475245308444,100.0
8,20,4.3,0.06561238309967012,100.0
8,20,4.3999999999999995,0.0639960874497463,100.0
8,20,4.5,0.061517637390414256,100.0
7,20,4.6,0.06847353706625547,100.0
7,20,4.7,0.06627892739656893,100.0
7,20,4.8,0.06538218653680314,100.0
7,20,4.9,0.0643507847603296,100.0
7,20,5.0,0.06207244270773782,100.0
7,20,5.1,0.0626537861710874,100.0
6,20,5.2,0.06784802500887506,100.0
6,20,5.3,0.06838053561760479,100.0
6,20,5.4,0.06563746858591529,100.0
6,20,5.5,0.06498595864872946,100.0
6,20,5.6,0.06354288745957955,100.0
6,20,5.7,0.06433369057505782,100.0
6,20,5.8,0.06165544289258685,100.0
6,20,5.9,0.06068077000848911,100.0
5,20,6.0,0.06868615440284384,100.0
5,20,6.1,0.06646927067107497,100.0
5,20,6.2,0.06609467595076693,100.0
5,20,6.3,0.06537310888820166,100.0
5,20,6.4,0.06864269621539286,100.0
5,20,6.5,0.06363653196771252,100.0
5,20,6.6,0.06251352951028297,100.0
5,20,6.7,0.06219958759319176,100.0
5,20,6.8,0.06260343587952236,100.0
5,20,6.9,0.05943811986123061,100.0
5,20,7.0,0.059161777067014046,100.0
5,20,7.1,0.05942091950596191,100.0
4,20,7.2,0.06743939586763145,100.0
4,20,7.3,0.06807461342358757,100.0
4,20,7.4,0.06558923330725114,100.0
4,20,7.5,0.06506207570309736,100.0
4,20,7.6,0.06505629939561014,100.0
4,20,7.7,0.06912997293644482,100.0
4,20,7.8,0.06357262425527084,100.0
4,20,7.9,0.06365140069785254,100.0
4,20,8.0,0.06236364565863278,100.0
4,20,8.1,0.06444895739435096,100.0
4,20,8.2,0.060905146095279646,100.0
4,20,8.3,0.0605955906294754,100.0
4,20,8.4,0.06251422770830092,100.0
4,20,8.5,0.05849469367615591,100.0
4,20,8.6,0.059542296847474176,100.0
3,20,8.7,0.0692898933071456,100.0
4,20,8.8,0.056304778511440425,100.0
4,20,8.9,0.05607188075550163,100.0
3,20,9.0,0.06523681833299286,100.0
3,20,9.1,0.06906508208360915,100.0
4,20,9.2,0.05481628255746178,100.0
3,20,9.3,0.06664343438436296,100.0
3,20,9.4,0.06967081028974999,100.0
3,20,9.5,0.06354001695542172,100.0
3,20,9.6,0.06546397871649813,100.0
3,20,9.700000000000001,0.06509401360713615,100.0
3,20,9.8,0.06431343901634438,100.0
3,20,9.9,0.06454814506352921,100.0
3,20,10.0,0.0650636087116018,100.0
456,30,0.1,0.06990991854336263,100.0
228,30,0.2,0.06972833739388207,100.0
151,30,0.30000000000000004,0.06984964180245093,100.0
114,30,0.4,0.0699375075004279,100.0
91,30,0.5,0.06978109628298454,100.0
75,30,0.6,0.06982299637180212,100.0
65,30,0.7000000000000001,0.06908087900315008,100.0
56,30,0.8,0.06987538219522915,100.0
50,30,0.9,0.06997055179109628,100.0
45,30,1.0,0.06925338075809762,100.0
41,30,1.1,0.0688588349555676,100.0
37,30,1.2000000000000002,0.06907362714672532,100.0
34,30,1.3000000000000003,0.06974322416309656,100.0
31,30,1.4000000000000001,0.06973120482020406,100.0
30,30,1.5000000000000002,0.06850546656420092,100.0
28,30,1.6,0.06890136781428885,100.0
26,30,1.7000000000000002,0.06930573522191331,100.0
25,30,1.8000000000000003,0.06864751190706958,100.0
23,30,1.9000000000000001,0.06838172403588891,100.0
22,30,2.0,0.06876988649374276,100.0
21,30,2.1,0.0686602041260834,100.0
20,30,2.2,0.06874468607161198,100.0
19,30,2.3000000000000003,0.0691297199842476,100.0
19,30,2.4000000000000004,0.0669100766092745,100.0
18,30,2.5000000000000004,0.06791644756137169,100.0
17,30,2.6,0.06807921912283633,100.0
16,30,2.7,0.06949613597486805,100.0
16,30,2.8000000000000003,0.06607072825884383,100.0
15,30,2.9000000000000004,0.06750356312431616,100.0
15,30,3.0000000000000004,0.06610872729767651,100.0
14,30,3.1,0.06879839434050636,100.0
13,30,3.2,0.0692633249864693,100.0
13,30,3.3000000000000003,0.06769258937715637,100.0
13,30,3.4000000000000004,0.06526204149518774,100.0
12,30,3.5000000000000004,0.06954288955469728,100.0
12,30,3.6,0.06773442346713794,100.0
13,30,3.7,0.0631810462955944,100.0
11,30,3.8000000000000003,0.069381838608806,100.0
11,30,3.9000000000000004,0.06713390881709916,100.0
11,30,4.0,0.06697815667651583,100.0
11,30,4.1,0.06450036520667564,100.0
10,30,4.2,0.06947929293316957,100.0
10,30,4.3,0.06957094347968672,100.0
10,30,4.3999999999999995,0.06655394712775692,100.0
9,30,4.5,0.0682370075470838,100.0
9,30,4.6,0.06713611306113926,100.0
9,30,4.7,0.06669821053618771,100.0
9,30,4.8,0.06853420004208828,100.0
9,30,4.9,0.06436726154107683,100.0
9,30,5.0,0.0644972445924645,100.0
9,30,5.1,0.06264656437793037,100.0
9,30,5.2,0.060237558367538385,100.0
8,30,5.3,0.06899608024264331,100.0
8,30,5.4,0.06453535524666898,100.0
8,30,5.5,0.06441541245788013,100.0
7,30,5.6,0.06865732380563931,100.0
7,30,5.7,0.06666569119126303,100.0
8,30,5.8,0.06187473936378686,100.0
7,30,5.9,0.06545669835831597,100.0
8,30,6.0,0.0612954952814164,100.0
7,30,6.1,0.06979344099962748,100.0
8,30,6.2,0.06490811529657764,100.0
7,30,6.3,0.06390854746935666,100.0
7,30,6.4,0.061512725197266846,100.0
7,30,6.5,0.06327819768724598,100.0
6,30,6.6,0.06825696009078266,100.0
7,30,6.7,0.06250750058363357,100.0
6,30,6.8,0.06819182760274933,100.0
6,30,6.9,0.06574715057489788,100.0
6,30,7.0,0.06662532338745317,100.0
6,30,7.1,0.0653704622170643,100.0
6,30,7.2,0.06334272122777761,100.0
5,30,7.3,0.06959435021441375,100.0
5,30,7.4,0.0695800264615057,100.0
5,30,7.5,0.06775326985577623,100.0
5,30,7.6,0.06958323500873849,100.0
6,30,7.7,0.06386501222778093,100.0
5,30,7.8,0.06801794370854042,100.0
6,30,7.9,0.06612164107451368,100.0
5,30,8.0,0.06710719546937866,100.0
5,30,8.1,0.06991721690326222,100.0
5,30,8.2,0.06508986395338187,100.0
6,30,8.3,0.05515690768088549,100.0
5,30,8.4,0.06754946839628195,100.0
5,30,8.5,0.0680781557887685,100.0
5,30,8.6,0.060373976063221396,100.0
5,30,8.7,0.06453581113508414,100.0
6,30,8.8,0.05208659091832911,100.0
5,30,8.9,0.06357933569921721,100.0
5,30,9.0,0.0619944039743412,100.0
5,30,9.1,0.060612154053325706,100.0
5,30,9.2,0.05436214186016616,100.0
4,30,9.3,0.06652678146272237,100.0
4,30,9.4,0.06600072892367441,100.0
4,30,9.5,0.06389683023952056,100.0
4,30,9.6,0.06475344201466532,100.0
4,30,9.700000000000001,0.06372424822344763,100.0
4,30,9.8,0.057170823121858616,100.0
4,30,9.9,0.0609869491709025,100.0
4,30,10.0,0.06071981094540475,100.0
608,40,0.1,0.069930020003895,100.0
303,40,0.2,0.06994587055402601,100.0
202,40,0.30000000000000004,0.06995554840635429,100.0
152,40,0.4,0.06962457469129497,100.0
121,40,0.5,0.06968861944939812,100.0
101,40,0.6,0.06937416236599112,100.0
86,40,0.7000000000000001,0.06974011252098523,100.0
76,40,0.8,0.06935882139542747,100.0
67,40,0.9,0.0691913944652617,100.0
60,40,1.0,0.0695211434533484,100.0
55,40,1.1,0.06898401745356983,100.0
50,40,1.2000000000000002,0.06919338348986806,100.0
46,40,1.3000000000000003,0.06952096833156984,100.0
43,40,1.4000000000000001,0.06897158942535808,100.0
40,40,1.5000000000000002,0.06875074556430108,100.0
37,40,1.6,0.06950017346250209,100.0
35,40,1.7000000000000002,0.06908687368841293,100.0
33,40,1.8000000000000003,0.06927866042342874,100.0
31,40,1.9000000000000001,0.06967924814647,100.0
30,40,2.0,0.06897735212566361,100.0
28,40,2.1,0.06928987857509077,100.0
27,40,2.2,0.06841996006607855,100.0
26,40,2.3000000000000003,0.06858734071260258,100.0
25,40,2.4000000000000004,0.06812034973811738,100.0
24,40,2.5000000000000004,0.06846823755998849,100.0
23,40,2.6,0.06772189247517674,100.0
22,40,2.7,0.0681087370349609,100.0
21,40,2.8000000000000003,0.06841509530976161,100.0
20,40,2.9000000000000004,0.06858222441083389,100.0
19,40,3.0000000000000004,0.06942485622501426,100.0
19,40,3.1,0.06795182088017826,100.0
18,40,3.2,0.06948735888017352,100.0
18,40,3.3000000000000003,0.06780566490413406,100.0
17,40,3.4000000000000004,0.06897123241661407,100.0
16,40,3.5000000000000004,0.06992340748881487,100.0
16,40,3.6,0.0699224389224381,100.0
16,40,3.7,0.06858043614581245,100.0
15,40,3.8000000000000003,0.06932233051169834,100.0
15,40,3.9000000000000004,0.06690567116306052,100.0
14,40,4.0,0.06971648258030065,100.0
14,40,4.1,0.06801717826982598,100.0
14,40,4.2,0.06674367702518666,100.0
13,40,4.3,0.06912666433436626,100.0
13,40,4.3999999999999995,0.06765474754206599,100.0
13,40,4.5,0.06682901187215404,100.0
12,40,4.6,0.06993225716101606,100.0
12,40,4.7,0.06848894197511246,100.0
12,40,4.8,0.06720979257257287,100.0
12,40,4.9,0.0651488151959132,100.0
11,40,5.0,0.06909190578161287,100.0
11,40,5.1,0.0680119321597037,100.0
11,40,5.2,0.06970356187228847,100.0
11,40,5.3,0.06621579641681995,100.0
11,40,5.4,0.06528715962780872,100.0
10,40,5.5,0.06932447297346843,100.0
10,40,5.6,0.0665530270123271,100.0
10,40,5.7,0.0662578874610026,100.0
10,40,5.8,0.06490217339531654,100.0
10,40,5.9,0.06475790616239123,100.0
9,40,6.0,0.06807821357174297,100.0
9,40,6.1,0.0691911293375417,100.0
9,40,6.2,0.06888189055990057,100.0
9,40,6.3,0.06791064992853885,100.0
9,40,6.4,0.06459504611767414,100.0
9,40,6.5,0.06474280561555282,100.0
8,40,6.6,0.06904197911587565,100.0
8,40,6.7,0.0684345008277638,100.0
8,40,6.8,0.0685913887451652,100.0
8,40,6.9,0.06814524442182901,100.0
8,40,7.0,0.06513789504135693,100.0
8,40,7.1,0.06407610640211622,100.0
7,40,7.2,0.06971869166445972,100.0
8,40,7.3,0.06642547189210776,100.0
8,40,7.4,0.06359889632545099,100.0
7,40,7.5,0.06874549004522293,100.0
7,40,7.6,0.06733082019521897,100.0
7,40,7.7,0.06708429846527209,100.0
7,40,7.8,0.06737276526687741,100.0
7,40,7.9,0.06695926729732983,100.0
7,40,8.0,0.06462352398161919,100.0
7,40,8.1,0.06934405063316865,100.0
7,40,8.2,0.06301909057719965,100.0
7,40,8.3,0.06379465840305908,100.0
7,40,8.4,0.06249713335454614,100.0
6,40,8.5,0.06903308527585905,100.0
7,40,8.6,0.06206345833344438,100.0
7,40,8.7,0.06097506879968244,100.0
6,40,8.8,0.06675001078415782,100.0
6,40,8.9,0.06773174380544006,100.0
6,40,9.0,0.06435673488888409,100.0
6,40,9.1,0.06537610656312069,100.0
6,40,9.2,0.0637500488973558,100.0
6,40,9.3,0.06269790573260292,100.0
6,40,9.4,0.061469197268329404,100.0
6,40,9.5,0.06302684604468317,100.0
5,40,9.6,0.06971957427731117,100.0
7,40,9.700000000000001,0.055273130472277485,100.0
6,40,9.8,0.061538953028720866,100.0
5,40,9.9,0.06923709822412619,100.0
5,40,10.0,0.06718778410937815,100.0
913,50,0.1,0.06993561879472851,100.0
456,50,0.2,0.06990954898395543,100.0
304,50,0.30000000000000004,0.06981243433766697,100.0
227,50,0.4,0.06998158232274794,100.0
182,50,0.5,0.0697323482974823,100.0
151,50,0.6,0.06990786118650638,100.0
130,50,0.7000000000000001,0.06956504278191575,100.0
113,50,0.8,0.06984912271781679,100.0
101,50,0.9,0.06942052396210453,100.0
90,50,1.0,0.06988792888308591,100.0
82,50,1.1,0.06967808052948891,100.0
75,50,1.2000000000000002,0.06972643205970913,100.0
69,50,1.3000000000000003,0.06983520377261167,100.0
64,50,1.4000000000000001,0.06982280551266012,100.0
60,50,1.5000000000000002,0.06944959434443501,100.0
56,50,1.6,0.0696383164563282,100.0
53,50,1.7000000000000002,0.06915392035244189,100.0
50,50,1.8000000000000003,0.0691468844665144,100.0
47,50,1.9000000000000001,0.06950562710111435,100.0
45,50,2.0,0.06893362068310455,100.0
43,50,2.1,0.06863407708357706,100.0
41,50,2.2,0.06866262678461554,100.0
39,50,2.3000000000000003,0.06882445455923349,100.0
37,50,2.4000000000000004,0.0693256334688673,100.0
36,50,2.5000000000000004,0.06842374807288268,100.0
34,50,2.6,0.06947745355359321,100.0
33,50,2.7,0.06893422244783878,100.0
32,50,2.8000000000000003,0.06845402630248311,100.0
31,50,2.9000000000000004,0.06808184949766478,100.0
29,50,3.0000000000000004,0.0699917102425818,100.0
28,50,3.1,0.06996180399259089,100.0
28,50,3.2,0.06806416629450612,100.0
27,50,3.3000000000000003,0.068299691685555,100.0
26,50,3.4000000000000004,0.06864992862371141,100.0
25,50,3.5000000000000004,0.06907670733499337,100.0
24,50,3.6,0.06962730176370167,100.0
24,50,3.7,0.06806832283617917,100.0
23,50,3.8000000000000003,0.06889266660454078,100.0
22,50,3.9000000000000004,0.0698819980378165,100.0
22,50,4.0,0.06832782009825869,100.0
21,50,4.1,0.06956378575775311,100.0
21,50,4.2,0.06797871376716591,100.0
20,50,4.3,0.06933383155914422,100.0
20,50,4.3999999999999995,0.06790951698502452,100.0
19,50,4.5,0.06954332483114106,100.0
19,50,4.6,0.06808956728319897,100.0
18,50,4.7,0.06987745974391264,100.0
18,50,4.8,0.0684687848062039,100.0
18,50,4.9,0.06733343270531753,100.0
17,50,5.0,0.06937872510076473,100.0
17,50,5.1,0.0681373028314858,100.0
17,50,5.2,0.06698800030807031,100.0
16,50,5.3,0.06908890009090574,100.0
16,50,5.4,0.06831431725041943,100.0
16,50,5.5,0.06707935021613255,100.0
15,50,5.6,0.06944504973272342,100.0
15,50,5.7,0.068426784999362,100.0
15,50,5.8,0.06733537272221544,100.0
14,50,5.9,0.06974561447590805,100.0
14,50,6.0,0.06889369786646476,100.0
14,50,6.1,0.0680770609464457,100.0
14,50,6.2,0.06692603429241074,100.0
14,50,6.3,0.06599015715811049,100.0
13,50,6.4,0.06947776667671568,100.0
13,50,6.5,0.06817492051193308,100.0
13,50,6.6,0.0674040280569055,100.0
13,50,6.7,0.06604450342292782,100.0
12,50,6.8,0.06994752709213464,100.0
12,50,6.9,0.06998825751552602,100.0
12,50,7.0,0.06797161230472026,100.0
12,50,7.1,0.06722031334173931,100.0
12,50,7.2,0.06643378923757638,100.0
12,50,7.3,0.06564866664005406,100.0
11,50,7.4,0.06911437817055345,100.0
11,50,7.5,0.06878840619570936,100.0
11,50,7.6,0.06778073107521138,100.0
11,50,7.7,0.06703307701246325,100.0
11,50,7.8,0.06598060161053344,100.0
11,50,7.9,0.06529230866775895,100.0
10,50,8.0,0.06952427622240004,100.0
10,50,8.1,0.06847006939463,100.0
10,50,8.2,0.06808065877717784,100.0
10,50,8.3,0.0672792195871044,100.0
10,50,8.4,0.06620548497204873,100.0
10,50,8.5,0.06642057541983432,100.0
10,50,8.6,0.06510564739198829,100.0
10,50,8.7,0.06437651887545308,100.0
9,50,8.8,0.06972526138033426,100.0
9,50,8.9,0.06860136800201592,100.0
9,50,9.0,0.06853685820282168,100.0
9,50,9.1,0.06734115618660105,100.0
9,50,9.2,0.0674052363724291,100.0
9,50,9.3,0.06713989771410417,100.0
9,50,9.4,0.0667429483827084,100.0
9,50,9.5,0.0648444985688221,100.0
9,50,9.6,0.0651072142384665,100.0
8,50,9.700000000000001,0.0696516180389328,100.0
8,50,9.8,0.06752713168836177,100.0
8,50,9.9,0.06754289392186608,100.0
8,50,10.0,0.06935496997393736,100.0
912,60,0.1,0.06999006345403817,100.0
456,60,0.2,0.06994881893128457,100.0
304,60,0.30000000000000004,0.06985702252920073,100.0
228,60,0.4,0.06983662995540754,100.0
182,60,0.5,0.06978577401358568,100.0
151,60,0.6,0.06988952732045385,100.0
130,60,0.7000000000000001,0.06962766798898692,100.0
113,60,0.8,0.06987357425762615,100.0
101,60,0.9,0.0694370778728916,100.0
90,60,1.0,0.06988827978413575,100.0
82,60,1.1,0.06974037812083107,100.0
75,60,1.2000000000000002,0.0697816963954592,100.0
69,60,1.3000000000000003,0.06967785259002077,100.0
64,60,1.4000000000000001,0.06989330354899456,100.0
60,60,1.5000000000000002,0.06938052275131927,100.0
56,60,1.6,0.06961066183004425,100.0
53,60,1.7000000000000002,0.06910651659227034,100.0
50,60,1.8000000000000003,0.06915605922275185,100.0
47,60,1.9000000000000001,0.06965625188994395,100.0
45,60,2.0,0.0689601612672694,100.0
43,60,2.1,0.06874080268762095,100.0
41,60,2.2,0.06867774884740628,100.0
39,60,2.3000000000000003,0.06906864077704797,100.0
37,60,2.4000000000000004,0.06921869028136737,100.0
36,60,2.5000000000000004,0.06832568261509944,100.0
34,60,2.6,0.0695281987378238,100.0
33,60,2.7,0.06908411924819335,100.0
32,60,2.8000000000000003,0.06860922378084423,100.0
31,60,2.9000000000000004,0.06820307225740516,100.0
29,60,3.0000000000000004,0.06990065887342292,100.0
29,60,3.1,0.06808744513390486,100.0
28,60,3.2,0.06811761474565975,100.0
27,60,3.3000000000000003,0.06829272054758569,100.0
26,60,3.4000000000000004,0.06868187668878496,100.0
25,60,3.5000000000000004,0.06895037921217143,100.0
24,60,3.6,0.06971190590829014,100.0
24,60,3.7,0.06828581973728706,100.0
23,60,3.8000000000000003,0.06905753533032874,100.0
22,60,3.9000000000000004,0.06998449221693977,100.0
22,60,4.0,0.06843209425007417,100.0
21,60,4.1,0.06930033378030011,100.0
21,60,4.2,0.06821732445061443,100.0
20,60,4.3,0.06943339921710916,100.0
20,60,4.3999999999999995,0.06805902243585771,100.0
19,60,4.5,0.06971525436807269,100.0
19,60,4.6,0.0681644644003894,100.0
19,60,4.7,0.06713908927125742,100.0
18,60,4.8,0.06864643399294727,100.0
18,60,4.9,0.06777942905940174,100.0
17,60,5.0,0.06942824829800606,100.0
17,60,5.1,0.06878233512384728,100.0
17,60,5.2,0.06688943204011175,100.0
16,60,5.3,0.069871853266437,100.0
16,60,5.4,0.06824204108003264,100.0
16,60,5.5,0.06711251461666749,100.0
15,60,5.6,0.0694520915636572,100.0
15,60,5.7,0.06808382718964034,100.0
15,60,5.8,0.0669796028252996,100.0
15,60,5.9,0.06650365588397775,100.0
14,60,6.0,0.06849172135841056,100.0
14,60,6.1,0.068529236630653,100.0
14,60,6.2,0.06685465120660132,100.0
14,60,6.3,0.06624031514243682,100.0
13,60,6.4,0.06994449001431223,100.0
13,60,6.5,0.06843011120687406,100.0
13,60,6.6,0.0677024937518147,100.0
13,60,6.7,0.06678584565113357,100.0
13,60,6.8,0.06630461903143006,100.0
12,60,6.9,0.06905399238119005,100.0
12,60,7.0,0.06868145503112716,100.0
12,60,7.1,0.06781111863378261,100.0
12,60,7.2,0.06596129997675718,100.0
12,60,7.3,0.06538778209330594,100.0
11,60,7.4,0.06912873803256955,100.0
11,60,7.5,0.06917787504306229,100.0
11,60,7.6,0.06769552588029921,100.0
11,60,7.7,0.06684287030513375,100.0
11,60,7.8,0.06587348676397607,100.0
11,60,7.9,0.0659613347805704,100.0
11,60,8.0,0.06443817480217641,100.0
10,60,8.1,0.06898666245356148,100.0
10,60,8.2,0.06841253489140156,100.0
10,60,8.3,0.06751350556962651,100.0
10,60,8.4,0.0666497717288411,100.0
10,60,8.5,0.06727506994946408,100.0
10,60,8.6,0.06879191513501677,100.0
10,60,8.7,0.06458442883466975,100.0
9,60,8.8,0.06921740939721605,100.0
9,60,8.9,0.06959458155453146,100.0
9,60,9.0,0.0689517697483511,100.0
9,60,9.1,0.06708565573365112,100.0
9,60,9.2,0.0674410991903236,100.0
9,60,9.3,0.0652735260271573,100.0
9,60,9.4,0.06546185988474443,100.0
9,60,9.5,0.06734824514050161,100.0
9,60,9.6,0.06383240570907613,100.0
9,60,9.700000000000001,0.06382537186903921,100.0
8,60,9.8,0.0693254966417237,100.0
8,60,9.9,0.06951300760909185,100.0
8,60,10.0,0.06683849123901277,100.0
914,70,0.1,0.06993089773878433,100.0
456,70,0.2,0.06989742171403601,100.0
303,70,0.30000000000000004,0.06993370936725017,100.0
228,70,0.4,0.06990837308089909,100.0
182,70,0.5,0.06987439877882573,100.0
151,70,0.6,0.06995989076737973,100.0
129,70,0.7000000000000001,0.06983047607835904,100.0
113,70,0.8,0.06958954306508405,100.0
100,70,0.9,0.06984070860974592,100.0
91,70,1.0,0.06954204830776645,100.0
82,70,1.1,0.06968853114785006,100.0
75,70,1.2000000000000002,0.06999700542812669,100.0
69,70,1.3000000000000003,0.0698395438093953,100.0
65,70,1.4000000000000001,0.06922402940552826,100.0
60,70,1.5000000000000002,0.06949862975964087,100.0
56,70,1.6,0.06971745346807583,100.0
53,70,1.7000000000000002,0.0691323137281405,100.0
50,70,1.8000000000000003,0.06901068291081641,100.0
47,70,1.9000000000000001,0.06991606243698842,100.0
45,70,2.0,0.06900477490605021,100.0
42,70,2.1,0.0699969055259658,100.0
41,70,2.2,0.06944366621205213,100.0
39,70,2.3000000000000003,0.06923729897854511,100.0
37,70,2.4000000000000004,0.06941554836377414,100.0
35,70,2.5000000000000004,0.06998216858018137,100.0
34,70,2.6,0.06925188510245496,100.0
33,70,2.7,0.06950307192462238,100.0
32,70,2.8000000000000003,0.06819424781616962,100.0
31,70,2.9000000000000004,0.06883941321654116,100.0
30,70,3.0000000000000004,0.06803855379429805,100.0
29,70,3.1,0.06827971306448871,100.0
28,70,3.2,0.0687765095627224,100.0
27,70,3.3000000000000003,0.06812284212273712,100.0
26,70,3.4000000000000004,0.06874991100643021,100.0
25,70,3.5000000000000004,0.06911769110952977,100.0
24,70,3.6,0.0694814157159541,100.0
24,70,3.7,0.0687465415044132,100.0
23,70,3.8000000000000003,0.06871082524374018,100.0
23,70,3.9000000000000004,0.06750304963523233,100.0
22,70,4.0,0.06762613547632582,100.0
21,70,4.1,0.06957223054814442,100.0
21,70,4.2,0.06870748300750645,100.0
20,70,4.3,0.06974297549913762,100.0
20,70,4.3999999999999995,0.06801247372881021,100.0
19,70,4.5,0.06947802912597556,100.0
19,70,4.6,0.06901918469045018,100.0
19,70,4.7,0.06689526076747755,100.0
18,70,4.8,0.06915511366001223,100.0
18,70,4.9,0.06857843944757175,100.0
18,70,5.0,0.06648643458440381,100.0
17,70,5.1,0.06906708280266455,100.0
17,70,5.2,0.06722505470942648,100.0
16,70,5.3,0.0698115738093319,100.0
16,70,5.4,0.06768216019504544,100.0
16,70,5.5,0.06661165941924113,100.0
15,70,5.6,0.0697592919114864,100.0
15,70,5.7,0.0683242701211507,100.0
15,70,5.8,0.06725646062413462,100.0
15,70,5.9,0.06682616976287145,100.0
15,70,6.0,0.06586063272070539,100.0
14,70,6.1,0.06825257556433505,100.0
14,70,6.2,0.0687741194571595,100.0
14,70,6.3,0.06657789713069304,100.0
14,70,6.4,0.06705992546647768,100.0
13,70,6.5,0.06874385336724662,100.0
13,70,6.6,0.06707746404831214,100.0
13,70,6.7,0.06767649178147192,100.0
13,70,6.8,0.06570158967780637,100.0
12,70,6.9,0.06894834116243717,100.0
12,70,7.0,0.0675497852270851,100.0
12,70,7.1,0.06694069354033459,100.0
12,70,7.2,0.06601507111231787,100.0
12,70,7.3,0.06876129970731529,100.0
11,70,7.4,0.06981564066044135,100.0
11,70,7.5,0.06998404094069356,100.0
11,70,7.6,0.06816541717874146,100.0
11,70,7.7,0.06857863346862123,100.0
11,70,7.8,0.06653714097716698,100.0
11,70,7.9,0.0655468212787284,100.0
10,70,8.0,0.06902192378179102,100.0
11,70,8.1,0.06415584599214433,100.0
10,70,8.2,0.06909344880620137,100.0
10,70,8.3,0.06869051905317838,100.0
10,70,8.4,0.06801692314925409,100.0
10,70,8.5,0.0662803551414852,100.0
10,70,8.6,0.06713018724092512,100.0
10,70,8.7,0.06593920407417327,100.0
10,70,8.8,0.0649483576458346,100.0
9,70,8.9,0.06916362572142441,100.0
9,70,9.0,0.06640149628374188,100.0
9,70,9.1,0.06751783561243857,100.0
9,70,9.2,0.06626983720449349,100.0
9,70,9.3,0.06927324505107632,100.0
9,70,9.4,0.06517953557289492,100.0
10,70,9.5,0.060625962712917134,100.0
9,70,9.6,0.0639274277967192,100.0
9,70,9.700000000000001,0.06425012184822501,100.0
9,70,9.8,0.06516518023791709,100.0
9,70,9.9,0.06217346191585131,100.0
8,70,10.0,0.0692691705398471,100.0
913,80,0.1,0.06997799477392858,100.0
454,80,0.2,0.06999473511003321,100.0
303,80,0.30000000000000004,0.06999636640791672,100.0
228,80,0.4,0.06973278208018562,100.0
181,80,0.5,0.06981177844369536,100.0
152,80,0.6,0.06974094204456702,100.0
130,80,0.7000000000000001,0.0696252554085218,100.0
114,80,0.8,0.0694668681603446,100.0
101,80,0.9,0.06957583012978832,100.0
90,80,1.0,0.06977810382824758,100.0
82,80,1.1,0.0695024594396712,100.0
76,80,1.2000000000000002,0.06959971988483002,100.0
69,80,1.3000000000000003,0.06951512236020879,100.0
65,80,1.4000000000000001,0.06934313967424506,100.0
60,80,1.5000000000000002,0.0699607971882974,100.0
56,80,1.6,0.06947720699813899,100.0
53,80,1.7000000000000002,0.06926335165505614,100.0
49,80,1.8000000000000003,0.06997368117342892,100.0
47,80,1.9000000000000001,0.06934555770258595,100.0
44,80,2.0,0.06953028652526924,100.0
43,80,2.1,0.06877930422670071,100.0
41,80,2.2,0.06935827088132115,100.0
39,80,2.3000000000000003,0.06845619529466324,100.0
38,80,2.4000000000000004,0.06830758606127728,100.0
36,80,2.5000000000000004,0.06870982129114685,100.0
34,80,2.6,0.06878749157422404,100.0
33,80,2.7,0.06898651299216119,100.0
32,80,2.8000000000000003,0.06942341890118102,100.0
30,80,2.9000000000000004,0.06973337771204764,100.0
30,80,3.0000000000000004,0.06821019375760007,100.0
29,80,3.1,0.06969955942663533,100.0
28,80,3.2,0.06844567402083086,100.0
27,80,3.3000000000000003,0.06825554429303016,100.0
26,80,3.4000000000000004,0.06835882931698373,100.0
25,80,3.5000000000000004,0.06921995820152543,100.0
25,80,3.6,0.06809721065694094,100.0
24,80,3.7,0.06826606357550134,100.0
23,80,3.8000000000000003,0.06968592404409459,100.0
22,80,3.9000000000000004,0.06891689364331748,100.0
22,80,4.0,0.06951411975411935,100.0
21,80,4.1,0.06948166449832271,100.0
21,80,4.2,0.06940416828944165,100.0
21,80,4.3,0.06785375140757804,100.0
20,80,4.3999999999999995,0.0690573411128501,100.0
19,80,4.5,0.0697779603613097,100.0
19,80,4.6,0.06952104139939186,100.0
19,80,4.7,0.06727051130693831,100.0
18,80,4.8,0.0697765289973916,100.0
18,80,4.9,0.06862055007188572,100.0
17,80,5.0,0.06971153628122095,100.0
17,80,5.1,0.06804361605264206,100.0
17,80,5.2,0.06949875658679774,100.0
17,80,5.3,0.06637511887917183,100.0
16,80,5.4,0.06830147725116581,100.0
16,80,5.5,0.06957498878855387,100.0
15,80,5.6,0.06928507493916557,100.0
15,80,5.7,0.0686889850493267,100.0
15,80,5.8,0.06660720421928339,100.0
15,80,5.9,0.06766141974734896,100.0
14,80,6.0,0.069035070101528,100.0
14,80,6.1,0.06736783448758236,100.0
14,80,6.2,0.06920257932265916,100.0
14,80,6.3,0.06797995166144953,100.0
14,80,6.4,0.0647959698317375,100.0
13,80,6.5,0.06839789505892799,100.0
13,80,6.6,0.06961927808086982,100.0
13,80,6.7,0.06705490075616678,100.0
13,80,6.8,0.06553744775313941,100.0
12,80,6.9,0.0689867326378197,100.0
12,80,7.0,0.06755215331509543,100.0
12,80,7.1,0.06833147552513635,100.0
12,80,7.2,0.06647755527862215,100.0
11,80,7.3,0.06975372802628496,100.0
11,80,7.4,0.06924481499137525,100.0
11,80,7.5,0.06957393775055444,100.0
11,80,7.6,0.06826853246990727,100.0
11,80,7.7,0.06731629417487177,100.0
11,80,7.8,0.06480121013587993,100.0
11,80,7.9,0.06619677751312766,100.0
11,80,8.0,0.06631072371930598,100.0
10,80,8.1,0.0697389164118708,100.0
10,80,8.2,0.06845995369616341,100.0
10,80,8.3,0.06684461095119573,100.0
10,80,8.4,0.06807206961515835,100.0
10,80,8.5,0.06694976289325008,100.0
9,80,8.6,0.069752537863102,100.0
10,80,8.7,0.06719249011061844,100.0
11,80,8.8,0.059342437418068245,100.0
10,80,8.9,0.06511041638507627,100.0
10,80,9.0,0.06292392057471266,100.0
10,80,9.1,0.06497287962125398,100.0
9,80,9.2,0.0677042891677303,100.0
9,80,9.3,0.06841011688328774,100.0
9,80,9.4,0.06545848952617891,100.0
9,80,9.5,0.06485910120293137,100.0
9,80,9.6,0.06942712638110358,100.0
8,80,9.700000000000001,0.06779612506293223,100.0
8,80,9.8,0.06981798576909863,100.0
8,80,9.9,0.06927979702281073,100.0
8,80,10.0,0.0681811972310139,100.0
916,90,0.1,0.06997349115404394,100.0
456,90,0.2,0.06997428624181465,100.0
305,90,0.30000000000000004,0.06986420176592448,100.0
227,90,0.4,0.06988377527457475,100.0
183,90,0.5,0.06973643428721177,100.0
152,90,0.6,0.06992330223414295,100.0
131,90,0.7000000000000001,0.06996554744807992,100.0
115,90,0.8,0.06962117085874467,100.0
101,90,0.9,0.06942840839548745,100.0
90,90,1.0,0.0699442931290375,100.0
82,90,1.1,0.0698883324407285,100.0
75,90,1.2000000000000002,0.0692500292535943,100.0
70,90,1.3000000000000003,0.06975247934826337,100.0
65,90,1.4000000000000001,0.06907478097220007,100.0
60,90,1.5000000000000002,0.06928185419358467,100.0
57,90,1.6,0.06961080202559028,100.0
52,90,1.7000000000000002,0.06968618704057392,100.0
50,90,1.8000000000000003,0.06959236233874605,100.0
47,90,1.9000000000000001,0.06925398505356882,100.0
46,90,2.0,0.06859623125696179,100.0
43,90,2.1,0.06764457144809737,100.0
41,90,2.2,0.06991817759543212,100.0
39,90,2.3000000000000003,0.06928795506960894,100.0
38,90,2.4000000000000004,0.0695839746775007,100.0
36,90,2.5000000000000004,0.06919451069258398,100.0
34,90,2.6,0.06935533383560369,100.0
33,90,2.7,0.069617883137094,100.0
32,90,2.8000000000000003,0.06832599029589394,100.0
31,90,2.9000000000000004,0.06845723373378995,100.0
30,90,3.0000000000000004,0.06874088008644264,100.0
30,90,3.1,0.06520796606636588,100.0
28,90,3.2,0.06970503073731306,100.0
28,90,3.3000000000000003,0.06801719026034894,100.0
27,90,3.4000000000000004,0.06690109664658017,100.0
26,90,3.5000000000000004,0.06854138346219901,100.0
25,90,3.6,0.06769165154788476,100.0
25,90,3.7,0.06736954376913161,100.0
23,90,3.8000000000000003,0.06932003641701498,100.0
23,90,3.9000000000000004,0.06580775557925539,100.0
22,90,4.0,0.06931054190281566,100.0
22,90,4.1,0.06712304339480854,100.0
22,90,4.2,0.06663346007380563,100.0
21,90,4.3,0.06962306820237146,100.0
19,90,4.3999999999999995,0.06998337890676727,100.0
19,90,4.5,0.06892384932061096,100.0
19,90,4.6,0.06784860076976328,100.0
19,90,4.7,0.06832361282446392,100.0
19,90,4.8,0.06828119058881742,100.0
18,90,4.9,0.069257423379479,100.0
17,90,5.0,0.06962366151922465,100.0
18,90,5.1,0.06929407551357047,100.0
18,90,5.2,0.06629777361227532,100.0
16,90,5.3,0.0697883531678372,100.0
17,90,5.4,0.06585661277957902,100.0
18,90,5.5,0.06529222252644384,100.0
16,90,5.6,0.0649926199678563,100.0
16,90,5.7,0.0699374857596726,100.0
16,90,5.8,0.06625893217923452,100.0
16,90,5.9,0.06678073275574437,100.0
16,90,6.0,0.06365827805692148,100.0
15,90,6.1,0.06551700519233568,100.0
15,90,6.2,0.061115264555476875,100.0
13,90,6.3,0.06956642070940341,100.0
14,90,6.4,0.06357558426476977,100.0
14,90,6.5,0.0672653192255421,100.0
13,90,6.6,0.0678930924228047,100.0
13,90,6.7,0.06597430152740294,100.0
13,90,6.8,0.0649018558075288,100.0
13,90,6.9,0.06333705321335703,100.0
13,90,7.0,0.06969525922453329,100.0
12,90,7.1,0.06808060124970124,100.0
13,90,7.2,0.06470084719819613,100.0
12,90,7.3,0.06655413458252368,100.0
12,90,7.4,0.06978286741164227,100.0
11,90,7.5,0.06972391602003507,100.0
12,90,7.6,0.06559616211246651,100.0
12,90,7.7,0.06535610479818177,100.0
12,90,7.8,0.06291874655942761,100.0
12,90,7.9,0.06750005350585989,100.0
10,90,8.0,0.06842754190348335,100.0
12,90,8.1,0.0654563021624592,100.0
11,90,8.2,0.0646204960179119,100.0
11,90,8.3,0.060965800848507626,100.0
11,90,8.4,0.059465638800442325,100.0
9,90,8.5,0.06982718043182104,100.0
10,90,8.6,0.06566598239312138,100.0
9,90,8.7,0.06792870538075119,100.0
11,90,8.8,0.06385213956939656,100.0
12,90,8.9,0.06975410490097166,100.0
10,90,9.0,0.06993622458346072,100.0
10,90,9.1,0.06818143045185966,100.0
10,90,9.2,0.061979916241249766,100.0
9,90,9.3,0.06997316344176177,100.0
11,90,9.4,0.06460508289894631,100.0
9,90,9.5,0.06548594515347204,100.0
9,90,9.6,0.06959058819410821,100.0
9,90,9.700000000000001,0.06627882764894948,100.0
9,90,9.8,0.06663559387693947,100.0
10,90,9.9,0.06156407945757972,100.0
9,90,10.0,0.0665477127488076,100.0
